{"accuracy": 0.868125, "precision": 0.8508550182441317, "recall": 0.868125, "f1_score": 0.8573959759733887}