{"accuracy": 0.869375, "precision": 0.8526010813525771, "recall": 0.869375, "f1_score": 0.8590151451882143}